,title,post_url,main_category,sub_category,date
0,Admin 페이지 개발,https://wefree.tistory.com/316,개인프로젝트,,2023-09-01 14:06:57
1,Tips,https://wefree.tistory.com/315,python,응용,2023-08-20 18:58:21
2,Generators in python,https://wefree.tistory.com/314,python,응용,2023-08-20 17:47:48
3,랜덤 포레스트 & 랜덤 서치,https://wefree.tistory.com/313,머신러닝(+딥러닝),,2023-08-10 19:52:51
4,확률적 경사 하강법 (+ 로지스틱 회귀),https://wefree.tistory.com/312,머신러닝(+딥러닝),,2023-08-08 17:43:27
5,릿지 회귀,https://wefree.tistory.com/311,머신러닝(+딥러닝),,2023-08-08 16:41:32
6,sklearn 으로 학습한 모델을 파일로 저장하기,https://wefree.tistory.com/310,머신러닝(+딥러닝),,2023-08-08 15:15:59
7,Pydantic 으로 dataclass 대체하기,https://wefree.tistory.com/309,python,응용,2023-07-29 22:13:56
8,Eval and Trampolining,https://wefree.tistory.com/308,scala,cats2,2023-07-29 11:43:20
9,VIEW,https://wefree.tistory.com/307,postgresql,,2023-07-28 18:03:46
10,CHECK constraint (when create table),https://wefree.tistory.com/305,postgresql,,2023-07-28 17:38:15
11,Timestamp and Extract,https://wefree.tistory.com/304,postgresql,,2023-07-28 17:23:00
12,like / ilike / as,https://wefree.tistory.com/302,postgresql,,2023-07-27 18:38:27
13,외부 데이터 import 하기,https://wefree.tistory.com/300,postgresql,,2023-07-27 16:32:00
14,PostgreSQL 소개,https://wefree.tistory.com/298,postgresql,,2023-07-27 15:42:53
15,fibonacci 수열 구현하기,https://wefree.tistory.com/296,akka & pekko,streams,2023-07-26 18:23:09
16,stream 처리 완료 후 ActorSystem 종료하기,https://wefree.tistory.com/295,akka & pekko,streams,2023-07-22 18:03:04
17,Akka TestProbes,https://wefree.tistory.com/294,akka & pekko,actors,2023-07-18 16:55:21
18,Akka Test,https://wefree.tistory.com/293,akka & pekko,actors,2023-07-18 16:30:28
19,Request & URI,https://wefree.tistory.com/292,scala,sttp,2023-07-18 15:09:03
20,Akka Config,https://wefree.tistory.com/291,akka & pekko,actors,2023-07-17 19:53:26
21,Akka Logging,https://wefree.tistory.com/290,akka & pekko,actors,2023-07-17 19:40:59
22,Child Actor,https://wefree.tistory.com/289,akka & pekko,actors,2023-07-17 18:23:55
23,Behavior control (become / unbecome),https://wefree.tistory.com/288,akka & pekko,actors,2023-07-17 17:13:51
24,Messages and Behavior,https://wefree.tistory.com/287,akka & pekko,actors,2023-07-17 13:23:38
25,Actor 생성,https://wefree.tistory.com/286,akka & pekko,actors,2023-07-17 11:15:04
26,akka actors 소개,https://wefree.tistory.com/285,akka & pekko,actors,2023-07-17 11:05:03
27,admin (multi-page) 화면 개발,https://wefree.tistory.com/284,plotly dash,,2023-07-15 19:46:15
28,functools.cache,https://wefree.tistory.com/283,python,응용,2023-07-13 19:05:36
29,pydantic: dictionary 를 object 로 변환 / json 출력,https://wefree.tistory.com/282,python,응용,2023-07-10 12:02:47
30,dataclass: sort,https://wefree.tistory.com/281,python,응용,2023-07-10 11:40:07
31,dataclass: mutable default values,https://wefree.tistory.com/280,python,응용,2023-07-09 17:19:00
32,functools.partial() 활용,https://wefree.tistory.com/279,python,응용,2023-07-07 21:37:12
33,airframe-control: Retry,https://wefree.tistory.com/278,scala,airframe,2023-07-06 17:11:53
34,airframe-control: Parallel,https://wefree.tistory.com/277,scala,airframe,2023-07-06 16:39:12
35,Tapir + Playframework,https://wefree.tistory.com/276,scala,playframework,2023-06-19 15:36:29
36,Advanced Callback,https://wefree.tistory.com/275,plotly dash,,2023-06-15 19:02:01
37,Anorm 기본 사용,https://wefree.tistory.com/274,scala jdbc,anorm,2023-06-13 18:37:15
38,Quill 기본 사용,https://wefree.tistory.com/273,scala jdbc,quill,2023-06-13 13:22:15
39,Currying,https://wefree.tistory.com/272,python,응용,2023-06-11 19:53:07
40,pydantic: Generics,https://wefree.tistory.com/271,python,응용,2023-05-28 22:29:07
41,jinja2 template 으로 Html 본문작성 후  이메일 보내기,https://wefree.tistory.com/270,python,응용,2023-05-27 20:29:28
42,자주하는 실수,https://wefree.tistory.com/269,python,,2023-05-07 21:03:04
43,create table with COLLATE,https://wefree.tistory.com/268,mysql,,2023-05-04 16:08:17
44,futils 소개,https://wefree.tistory.com/267,scala,futils,2023-04-28 12:05:28
45,"__slot__, __call__",https://wefree.tistory.com/266,python,응용,2023-04-10 23:42:18
46,yield from,https://wefree.tistory.com/265,python,응용,2023-04-10 20:46:10
47,2개 이상의 서비스를 실행하기,https://wefree.tistory.com/264,bash,,2023-04-03 13:49:56
48,ABC vs Protocol,https://wefree.tistory.com/263,python,응용,2023-04-01 20:36:45
49,SQLSyntax - sqls,https://wefree.tistory.com/262,scala jdbc,scalikejdbc,2023-03-26 22:19:51
50,BeforeAndAfterAll,https://wefree.tistory.com/261,scala,scalatest,2023-03-21 20:57:12
51,BeforeAndAfter,https://wefree.tistory.com/260,scala,scalatest,2023-03-21 20:54:13
52,SQL string 을 실행하기,https://wefree.tistory.com/259,scala jdbc,scalikejdbc,2023-03-21 20:25:14
53,Local CORS 테스트,https://wefree.tistory.com/258,web,basic,2023-03-15 23:45:10
54,CustomExecutionContext 설정,https://wefree.tistory.com/257,scala,playframework,2023-03-01 22:13:05
55,write partitionBy,https://wefree.tistory.com/256,spark,,2023-02-26 19:19:17
56,case class 상속,https://wefree.tistory.com/255,scala,basic,2023-02-25 21:30:11
57,background.js 에서 third-party libaray 사용하기(in Manifest V3),https://wefree.tistory.com/254,chrome extension,,2023-02-25 21:27:53
58,ScalaTest,https://wefree.tistory.com/253,scala,playframework,2023-02-19 23:48:54
59,Using ScalikeJDBC,https://wefree.tistory.com/252,scala,playframework,2023-02-19 20:30:16
60,Logging MDC,https://wefree.tistory.com/251,scala,playframework,2023-02-19 01:40:38
61,Deploy,https://wefree.tistory.com/250,scala,playframework,2023-02-19 01:33:47
62,Filter,https://wefree.tistory.com/249,scala,playframework,2023-02-19 01:22:20
63,Action composition,https://wefree.tistory.com/248,scala,playframework,2023-02-19 01:02:10
64,Future Traverse,https://wefree.tistory.com/247,scala,cats2,2023-02-13 12:39:32
65,Blocking Future,https://wefree.tistory.com/246,scala,basic,2023-02-13 11:16:46
66,ThreadPoolExecutor,https://wefree.tistory.com/245,python,응용,2023-02-09 18:13:38
67,"Environment, Property variable 읽기",https://wefree.tistory.com/244,scala,basic,2023-02-03 15:34:12
68,Ior,https://wefree.tistory.com/243,scala,cats2,2023-01-29 16:55:22
69,scalatest-3.2.3 의 property based test,https://wefree.tistory.com/242,scala,scalatest,2023-01-25 19:54:09
70,Cats2 Exercise,https://wefree.tistory.com/241,scala,cats2,2023-01-22 20:35:45
71,Validated,https://wefree.tistory.com/240,scala,cats2,2023-01-19 21:36:15
72,Writer,https://wefree.tistory.com/239,scala,cats2,2023-01-19 20:52:34
73,"fastapi basic application (based on class, DI)",https://wefree.tistory.com/238,python,fastapi,2023-01-18 13:24:59
74,Future[Try[A]] <=> Future[A] 상호간 변환하기,https://wefree.tistory.com/237,scala,basic,2023-01-16 12:58:06
75,Lagom Dependency Injection,https://wefree.tistory.com/236,python,lagom,2023-01-16 11:11:20
76,Error Modeling (with Exception),https://wefree.tistory.com/235,scala,basic,2023-01-16 10:55:30
77,OptionT,https://wefree.tistory.com/234,scala,cats2,2023-01-16 10:34:07
78,Nested,https://wefree.tistory.com/233,scala,cats2,2023-01-16 10:07:31
79,State,https://wefree.tistory.com/232,scala,cats2,2023-01-10 09:49:10
80,Cask Example(+Airframe),https://wefree.tistory.com/231,scala,cask,2022-12-19 02:38:05
81,spark 에서 case class 확장하기,https://wefree.tistory.com/230,scala,chimney,2022-12-19 00:25:51
82,Scala Using,https://wefree.tistory.com/229,scala,basic,2022-12-19 00:03:29
83,새탭을 만든 후 동적 HTML 로 내용 채우기,https://wefree.tistory.com/228,chrome extension,,2022-12-12 23:27:10
84,CORS 우회 하기,https://wefree.tistory.com/227,chrome extension,,2022-12-12 23:14:24
85,content script 에서 iframe 안의 내용을  접근하기,https://wefree.tistory.com/226,chrome extension,,2022-12-12 23:10:14
86,Ref vs Ref.Synchronized,https://wefree.tistory.com/225,zio,zio2,2022-12-09 19:30:54
87,Fiber,https://wefree.tistory.com/224,zio,zio2,2022-11-23 19:36:55
88,Error Models,https://wefree.tistory.com/223,zio,zio2,2022-11-20 23:12:28
89,Option 처리하기,https://wefree.tistory.com/222,zio,zio2,2022-11-20 16:15:00
90,airframe-di: Dependency Injection,https://wefree.tistory.com/221,scala,airframe,2022-11-19 22:42:55
91,F-Bound,https://wefree.tistory.com/220,scala,basic,2022-11-12 20:54:59
92,AsyncIO,https://wefree.tistory.com/219,python,응용,2022-10-29 20:27:38
93,ProcessPoolExecutor,https://wefree.tistory.com/218,python,응용,2022-10-29 18:39:45
94,Time Series 데이터를 시각화,https://wefree.tistory.com/217,pandas,,2022-10-25 21:28:55
95,Python Enum,https://wefree.tistory.com/216,python,기본,2022-10-21 20:44:24
96,Python Closure,https://wefree.tistory.com/215,python,기본,2022-10-21 20:07:58
97,Scala Closure,https://wefree.tistory.com/214,scala,basic,2022-10-21 19:56:58
98,"데이터 전처리, 추가, 삭제, 변환",https://wefree.tistory.com/213,pandas,,2022-10-08 21:39:44
99,복사와 결측치,https://wefree.tistory.com/212,pandas,,2022-10-08 20:23:08
100,통계,https://wefree.tistory.com/211,pandas,,2022-10-08 19:56:37
101,EventStream 의 flatMap vs combineWithFn,https://wefree.tistory.com/210,web,laminar,2022-10-01 17:37:30
102,IO & IOResult,https://wefree.tistory.com/209,python,returns,2022-09-04 22:10:33
103,Result & ResultE,https://wefree.tistory.com/208,python,returns,2022-09-04 21:37:45
104,Maybe,https://wefree.tistory.com/207,python,returns,2022-09-04 21:08:56
105,python typing,https://wefree.tistory.com/206,python,returns,2022-09-04 21:02:58
106,"조회, 정렬, 필터",https://wefree.tistory.com/205,pandas,,2022-08-20 23:33:48
107,"Excel, CSV 파일 읽기/쓰기",https://wefree.tistory.com/204,pandas,,2022-08-19 23:26:23
108,자료 구조,https://wefree.tistory.com/203,pandas,,2022-08-08 23:58:06
109,ZLayer 를 이용한 dependency injection,https://wefree.tistory.com/202,zio,zio2,2022-07-27 20:05:23
110,ZIO prelude 의 Reader Monad,https://wefree.tistory.com/201,zio,zio-prelude,2022-07-24 00:34:55
111,java callback 을 ZIO 로 바꾸기,https://wefree.tistory.com/200,zio,zio2,2022-07-17 17:04:17
112,java callback 을 scala Future 로 바꾸기,https://wefree.tistory.com/199,scala,basic,2022-07-16 18:57:38
113,SQLAlchemy 예제,https://wefree.tistory.com/198,python,응용,2022-07-04 22:31:36
114,Flask 기본 App 개발,https://wefree.tistory.com/197,flask,,2022-07-03 21:50:09
115,"RestX 에서 Namespace, Blueprint 사용하기",https://wefree.tistory.com/196,flask,,2022-06-28 12:42:19
116,"docker error ""TLS handshake timeout""",https://wefree.tistory.com/195,docker,,2022-06-24 15:24:45
117,Interval,https://wefree.tistory.com/194,plotly dash,,2022-06-14 21:05:28
118,Tab,https://wefree.tistory.com/193,plotly dash,,2022-06-14 20:52:39
119,RangeSlider,https://wefree.tistory.com/192,plotly dash,,2022-06-14 20:40:32
120,Flask route 추가하기,https://wefree.tistory.com/191,plotly dash,,2022-05-31 19:34:15
121,requests,https://wefree.tistory.com/190,python,응용,2022-05-31 16:46:01
122,json 읽기 / 쓰기,https://wefree.tistory.com/189,python,응용,2022-05-31 16:31:30
123,requirements.txt 자동 생성하기,https://wefree.tistory.com/188,python,기본,2022-05-31 16:15:59
124,Dash router,https://wefree.tistory.com/187,plotly dash,,2022-05-30 21:57:45
125,Grid Layout,https://wefree.tistory.com/186,plotly dash,,2022-05-30 11:09:56
126,CSS 적용하기,https://wefree.tistory.com/185,plotly dash,,2022-05-30 09:54:40
127,Callbacks with State,https://wefree.tistory.com/184,plotly dash,,2022-05-29 22:49:33
128,Chained Callback,https://wefree.tistory.com/183,plotly dash,,2022-05-29 22:23:06
129,2개 이상 Variable 의 callback 연결,https://wefree.tistory.com/182,plotly dash,,2022-05-29 20:31:38
130,Input callback 연결,https://wefree.tistory.com/181,plotly dash,,2022-05-28 19:14:58
131,pytest - fixture,https://wefree.tistory.com/180,python,응용,2022-05-23 17:20:03
132,pytest - basic,https://wefree.tistory.com/179,python,응용,2022-05-23 14:41:23
133,Thread - queue & PoisonPill,https://wefree.tistory.com/178,python,응용,2022-05-23 10:51:09
134,logging,https://wefree.tistory.com/177,python,응용,2022-05-22 00:57:12
135,optparse,https://wefree.tistory.com/176,python,응용,2022-05-22 00:10:15
136,yaml / configparser,https://wefree.tistory.com/175,python,응용,2022-05-21 23:26:34
137,datetime / time,https://wefree.tistory.com/174,python,기본,2022-05-02 14:21:48
138,tempfile / subprocess,https://wefree.tistory.com/173,python,기본,2022-05-02 14:04:03
139,tar / zip,https://wefree.tistory.com/172,python,기본,2022-05-02 13:39:10
140,"os, pathlib, glob, shutil",https://wefree.tistory.com/171,python,기본,2022-05-01 21:31:28
141,"Template, Csv",https://wefree.tistory.com/170,python,기본,2022-05-01 21:19:37
142,File,https://wefree.tistory.com/169,python,기본,2022-05-01 20:51:46
143,Class,https://wefree.tistory.com/168,python,기본,2022-05-01 19:52:32
144,__name__ 과 __main__,https://wefree.tistory.com/167,python,기본,2022-05-01 18:29:12
145,Library,https://wefree.tistory.com/166,python,기본,2022-05-01 17:22:58
146,Built-in Functions,https://wefree.tistory.com/165,python,기본,2022-04-30 22:15:22
147,setup.py 로 패키지 만들기,https://wefree.tistory.com/164,python,기본,2022-04-30 21:51:18
148,Module Import,https://wefree.tistory.com/163,python,기본,2022-04-30 20:06:17
149,Exception,https://wefree.tistory.com/162,python,기본,2022-04-29 22:45:10
150,Namespace & Scope,https://wefree.tistory.com/161,python,기본,2022-04-29 22:33:42
151,Generator,https://wefree.tistory.com/160,python,기본,2022-04-29 21:59:22
152,Lambda,https://wefree.tistory.com/159,python,기본,2022-04-29 21:44:41
153,Decorator / contextmanager,https://wefree.tistory.com/158,python,기본,2022-04-29 20:24:42
154,Closure,https://wefree.tistory.com/157,python,기본,2022-04-29 18:44:06
155,"Function, kwargs",https://wefree.tistory.com/156,python,기본,2022-04-29 18:37:28
156,"range, enumerate, zip",https://wefree.tistory.com/155,python,기본,2022-04-29 18:03:31
157,For,https://wefree.tistory.com/154,python,기본,2022-04-29 17:55:20
158,Input,https://wefree.tistory.com/153,python,기본,2022-04-29 17:48:44
159,While,https://wefree.tistory.com/152,python,기본,2022-04-29 17:45:58
160,If,https://wefree.tistory.com/151,python,기본,2022-04-29 15:46:39
161,Set,https://wefree.tistory.com/150,python,기본,2022-04-29 15:17:39
162,Dictionary,https://wefree.tistory.com/149,python,기본,2022-04-29 14:59:40
163,Tuple,https://wefree.tistory.com/148,python,기본,2022-04-29 14:36:27
164,List,https://wefree.tistory.com/147,python,기본,2022-04-29 12:08:15
165,String,https://wefree.tistory.com/146,python,기본,2022-04-24 22:10:23
166,"변수, 수치, print 출력",https://wefree.tistory.com/145,python,기본,2022-04-24 21:38:24
167,Event Time Windows,https://wefree.tistory.com/144,spark streaming,,2022-04-23 16:43:00
168,DStreams,https://wefree.tistory.com/143,spark streaming,,2022-04-10 18:49:49
169,Structured Streaming - Datasets,https://wefree.tistory.com/142,spark streaming,,2022-04-07 21:24:04
170,Structured Streaming - Join,https://wefree.tistory.com/141,spark streaming,,2022-03-30 19:56:59
171,sealed trait typeclass,https://wefree.tistory.com/140,scala,basic,2022-03-29 14:45:31
172,Structured Streaming - Dataframe 으로 Aggregation 하기,https://wefree.tistory.com/139,spark streaming,,2022-03-20 23:34:46
173,Structured Streaming - Dataframe 으로 streaming 처리하기,https://wefree.tistory.com/138,spark streaming,,2022-03-20 20:25:12
174,runner 에서 workflow 가 동시에 실행될 때,https://wefree.tistory.com/137,github actions,,2022-03-14 17:58:49
175,실습: CI/CD 구성해 보기,https://wefree.tistory.com/136,github actions,,2022-03-07 20:57:58
176,slack 으로 메시지 보내기,https://wefree.tistory.com/135,github actions,,2022-03-07 18:41:09
177,docker container 에서 step 실행하기,https://wefree.tistory.com/134,github actions,,2022-03-07 11:22:03
178,Matrix 를 이용해 다양한 환경을 한번에 실행하기,https://wefree.tistory.com/133,github actions,,2022-03-07 10:49:42
179,여러 node 버전을 동시에 사용하기,https://wefree.tistory.com/132,github actions,,2022-03-07 10:34:23
180,Continue on Error & Timeout,https://wefree.tistory.com/131,github actions,,2022-03-06 22:01:59
181,"github actions functions, if key and job status",https://wefree.tistory.com/130,github actions,,2022-03-04 17:58:57
182,github actions expressions & contexts,https://wefree.tistory.com/129,github actions,,2022-03-04 16:01:57
183,파일 암호화 하기,https://wefree.tistory.com/128,github actions,,2022-03-04 15:11:15
184,GITHUB_TOKEN 사용하기,https://wefree.tistory.com/127,github actions,,2022-03-02 22:47:32
185,환경 변수 설정하기,https://wefree.tistory.com/126,github actions,,2022-03-01 23:03:18
186,"workflow 실행 조건을 branches, tags, paths 로 제한하기",https://wefree.tistory.com/125,github actions,,2022-02-27 18:03:33
187,외부에서 github http api 호출로 workflow 실행하기,https://wefree.tistory.com/124,github actions,,2022-02-27 17:46:23
188,cron schedule 설정하기,https://wefree.tistory.com/123,github actions,,2022-02-27 17:24:39
189,pull_request event 로 activity_type 살펴보기,https://wefree.tistory.com/122,github actions,,2022-02-27 16:57:17
190,checkout action 사용해 보기,https://wefree.tistory.com/121,github actions,,2022-02-26 22:32:42
191,uses 로 action 사용해 보기,https://wefree.tistory.com/120,github actions,,2022-02-26 21:59:27
192,Spark Dataset joinWith bug?,https://wefree.tistory.com/119,spark,,2022-02-26 00:27:30
193,scalatest-3.0.5 에서 scalacheck 의 generator 사용하기,https://wefree.tistory.com/118,scala,scalatest,2022-02-19 19:52:17
194,다양한 Shell 사용하고 순차적으로 실행하기,https://wefree.tistory.com/117,github actions,,2022-02-13 15:24:39
195,First Simple Workflow,https://wefree.tistory.com/116,github actions,,2022-02-13 14:44:04
196,ansible roles,https://wefree.tistory.com/115,ansible,,2022-02-06 22:39:36
197,ansible loops,https://wefree.tistory.com/114,ansible,,2022-02-06 21:28:13
198,ansible conditionals,https://wefree.tistory.com/113,ansible,,2022-02-06 19:49:24
199,ansible variables,https://wefree.tistory.com/112,ansible,,2022-02-06 15:43:42
200,ansible modules,https://wefree.tistory.com/111,ansible,,2022-02-06 14:57:01
201,ansible playbooks,https://wefree.tistory.com/110,ansible,,2022-02-06 14:28:40
202,ansible inventory,https://wefree.tistory.com/109,ansible,,2022-02-05 18:00:45
203,OAuth 2 요약,https://wefree.tistory.com/108,oauth2,,2022-02-04 00:18:49
204,Spark Broadcast 사용하기,https://wefree.tistory.com/106,spark,,2022-01-30 22:01:56
205,spark log level 조정하기,https://wefree.tistory.com/105,spark,,2022-01-30 20:16:48
206,완성 - 메뉴 구현,https://wefree.tistory.com/104,web,laminar,2022-01-29 10:30:28
207,Waypoint 를 이용해 Router 적용,https://wefree.tistory.com/103,web,laminar,2022-01-28 20:36:32
208,디렉토리 목록을 정렬 후 상위 N 개의 디렉토리만 남기고 모두 삭제하기,https://wefree.tistory.com/102,bash,,2022-01-21 21:27:02
209,children 으로 List 표현하기,https://wefree.tistory.com/101,web,laminar,2022-01-20 21:54:14
210,Observer 를 사용해 side effect 처리하기,https://wefree.tistory.com/100,web,laminar,2022-01-09 22:48:18
211,Component - TextInput,https://wefree.tistory.com/99,web,laminar,2022-01-09 22:23:11
212,Component - Radio,https://wefree.tistory.com/98,web,laminar,2022-01-09 22:08:27
213,Component - Checkbox,https://wefree.tistory.com/97,web,laminar,2022-01-09 21:49:56
214,Component - Dropdown,https://wefree.tistory.com/96,web,laminar,2022-01-09 21:33:30
215,Var.updater() 사용하기,https://wefree.tistory.com/95,web,laminar,2022-01-08 23:22:38
216,Ajax 호출하기,https://wefree.tistory.com/94,web,laminar,2022-01-08 23:05:50
217,javascript(plotly.js) 호출하기,https://wefree.tistory.com/93,web,laminar,2022-01-08 13:05:58
218,Laminar 소개,https://wefree.tistory.com/92,web,laminar,2022-01-05 21:18:32
219,javascript callback 처리 하기 - radio button,https://wefree.tistory.com/91,web,mhtml,2022-01-03 23:55:18
220,Kubernetes ConfigMap,https://wefree.tistory.com/90,kubernetes,,2021-12-28 21:50:00
221,nginx 설치,https://wefree.tistory.com/89,nginx,,2021-12-27 23:24:40
222,windows 에서 wsl2 localhost 접근하기,https://wefree.tistory.com/88,wsl2,,2021-12-27 21:57:39
223,Kubernetes 실습 - Voting App,https://wefree.tistory.com/87,kubernetes,,2021-12-27 21:06:59
224,Kubernetes Services,https://wefree.tistory.com/86,kubernetes,,2021-12-25 00:10:00
225,docker 로 kafka 설치,https://wefree.tistory.com/85,docker,,2021-12-22 23:43:43
226,Kubernetes Deployment,https://wefree.tistory.com/84,kubernetes,,2021-12-20 21:10:47
227,"Kubernetes ReplicaSet 생성, 확인, 수정, 삭제하기",https://wefree.tistory.com/83,kubernetes,,2021-12-20 00:40:22
228,"Kubernetes Pod 생성, 확인, 수정, 삭제하기",https://wefree.tistory.com/82,kubernetes,,2021-12-11 21:14:36
229,nginx log 파일 정리 스크립트,https://wefree.tistory.com/81,nginx,,2021-12-09 21:53:58
230,scala 에서 retry 구현하기,https://wefree.tistory.com/80,scala,basic,2021-11-25 18:11:54
231,Scalikejdbc 를 이용해 DB 데이터 읽기,https://wefree.tistory.com/79,scala jdbc,scalikejdbc,2021-11-14 21:35:52
232,scalatags 를 이용해 Email 로 전송할 Html 생성하기,https://wefree.tistory.com/78,web,scalajs,2021-11-14 20:50:08
233,scalatest-3.0.5 의 property based test,https://wefree.tistory.com/77,scala,scalatest,2021-11-14 18:45:33
234,scala enumeratum enum 사용하기,https://wefree.tistory.com/76,scala,basic,2021-11-13 23:20:36
235,wsl2 에서 windows localhost 접근하기,https://wefree.tistory.com/75,wsl2,,2021-11-13 00:18:03
236,docker 로 elasticsearch 설치하기,https://wefree.tistory.com/74,docker,,2021-11-07 20:16:03
237,docker 로 mysql 설치하고 접속하기,https://wefree.tistory.com/72,docker,,2021-11-07 20:05:22
238,docker 로 postgresql 설치하고 접속하기,https://wefree.tistory.com/71,docker,,2021-11-07 19:12:21
239,impure run 사용하기,https://wefree.tistory.com/70,web,mhtml,2021-10-28 00:15:00
240,mhtml Rx 이해하기 - Ajax 호출시 경험,https://wefree.tistory.com/69,web,mhtml,2021-10-27 23:28:47
241,mhtml 에서 imitate 로 Var 값에 Rx 복사하기,https://wefree.tistory.com/68,web,mhtml,2021-10-25 22:07:07
242,javascript callback 처리 하기 - checkbox,https://wefree.tistory.com/67,web,mhtml,2021-10-25 15:09:01
243,javascript callback 처리 하기 - dropdown,https://wefree.tistory.com/66,web,mhtml,2021-10-25 14:01:25
244,Rest API 로 특정 색인의 특정 항목만 보기,https://wefree.tistory.com/65,elasticsearch,,2021-10-24 23:37:31
245,Variance 문제,https://wefree.tistory.com/64,scala,basic,2021-10-22 21:30:04
246,docker container 에서 zombie 프로세스 발생 문제,https://wefree.tistory.com/63,docker,,2021-10-14 12:05:01
247,apache poi 를 사용해 scala 에서 Excel 파일 읽기,https://wefree.tistory.com/62,scala,basic,2021-10-14 11:17:50
248,프로세스가 실행 중인지 체크 후 실행하기,https://wefree.tistory.com/61,bash,,2021-10-14 11:15:37
249,gitbook 배포 하기,https://wefree.tistory.com/60,gitbook,,2021-10-13 13:58:36
250,실행되는 스크립트로 부터 프로젝트 홈의 절대 경로 알아내기,https://wefree.tistory.com/59,bash,,2021-10-13 11:17:37
251,Functional Effect 의 다양한 합성(composition),https://wefree.tistory.com/58,zio,zio-prelude,2021-10-10 22:49:07
252,ZIO prelude 의 State Monad,https://wefree.tistory.com/56,zio,zio-prelude,2021-09-26 23:54:34
253,NewTypes 과 Equal 을 활용한 객체 비교,https://wefree.tistory.com/55,zio,zio-prelude,2021-09-23 23:25:36
254,href 값으로 empty 지정하기,https://wefree.tistory.com/54,web,scalajs,2021-09-01 09:48:33
255,Maximum distinct nodes in a Root to leaf path,https://wefree.tistory.com/53,코딩테스트,,2021-08-22 22:49:52
256,ZLayer module pattern 을 이용한 dependency injection,https://wefree.tistory.com/52,zio,zio1,2021-08-18 17:44:03
257,mhtml - non-reacitve 적용하기,https://wefree.tistory.com/51,web,mhtml,2021-08-12 18:46:35
258,mhtml - Seq[A] 를 화면에 보여주기,https://wefree.tistory.com/50,web,mhtml,2021-08-12 14:38:39
259,mhtml - text input 읽기,https://wefree.tistory.com/49,web,mhtml,2021-08-12 01:32:41
260,uri encoding,https://wefree.tistory.com/47,web,scalajs,2021-08-11 19:54:46
261,mhtml - ajax 호출,https://wefree.tistory.com/46,web,mhtml,2021-08-11 19:51:47
262,명령 실행 후 성공이면 진행하고 실패면 exit 하기,https://wefree.tistory.com/45,bash,,2021-08-04 15:04:23
263,Scala State Monad,https://wefree.tistory.com/44,scala,basic,2021-08-03 12:12:37
264,"피보나치(fibonacci) 수열을 Scala Stream, ZStream 으로 각각 구현",https://wefree.tistory.com/43,zio,zio1,2021-08-03 00:47:31
265,4. 라이브러리 테스트,https://wefree.tistory.com/42,smart http client,,2021-08-01 01:00:23
266,3. Configuration,https://wefree.tistory.com/41,smart http client,,2021-08-01 00:59:28
267,2. 사용 방법,https://wefree.tistory.com/40,smart http client,,2021-08-01 00:56:50
268,1. 소개 및 개발 배경,https://wefree.tistory.com/39,smart http client,,2021-08-01 00:55:07
269,BranchPythonOperator 로 조건에 따라 task 분기하기,https://wefree.tistory.com/38,airflow,,2021-07-31 17:51:17
270,동일한 docker image 를 사용했는데 실행 결과가 다르다?,https://wefree.tistory.com/37,docker,,2021-07-31 15:33:58
271,Pattern Match 조합 - Email 주소 예제,https://wefree.tistory.com/36,scala,basic,2021-07-27 17:49:12
272,broadcast join 과  bucket join,https://wefree.tistory.com/35,spark,,2021-07-26 00:11:42
273,"spark managed tables - partitionBy, bucketBy, sortBy",https://wefree.tistory.com/34,spark,,2021-07-25 19:37:38
274,spark tables - managed vs unmanaged(external) tables,https://wefree.tistory.com/33,spark,,2021-07-25 18:54:22
275,enum 을 사용한 모델링,https://wefree.tistory.com/32,scala,basic,2021-07-23 23:20:46
276,Task 타입을 Future 로 변환해 자연스럽게 사용하기,https://wefree.tistory.com/31,zio,zio1,2021-07-23 17:43:34
277,데이터의 partition 수와 partition 별로  레코드 수 확인 방법,https://wefree.tistory.com/30,spark,,2021-07-18 21:57:10
278,spark 에서  schema 를 적용해 데이터 읽기,https://wefree.tistory.com/29,spark,,2021-07-18 19:17:12
279,spark 에서 groupByKey 로 특정 column 기준 unique row 만 남기기,https://wefree.tistory.com/28,spark,,2021-07-16 21:45:03
280,windows10 에 hdfs 설치하기,https://wefree.tistory.com/27,spark,,2021-07-10 21:05:16
281,"spark 을 local, cluster mode 에서 실행하기 위한 JVM option, log4j.properties 설정",https://wefree.tistory.com/26,spark,,2021-07-10 20:15:29
282,List 구조 텀 분석하기와 tokenizer 설정하기,https://wefree.tistory.com/25,elasticsearch,,2021-07-06 11:28:58
283,typeclass 는 언제 사용하면 좋을까?,https://wefree.tistory.com/24,scala,basic,2021-06-09 10:44:08
284,elasticsearch 에서 filter 적용 후 aggregation 과 global aggregation,https://wefree.tistory.com/23,elasticsearch,,2021-06-04 00:33:35
285,_source 항목에 필요한 필드만 제한해 결과 받기,https://wefree.tistory.com/22,elasticsearch,,2021-06-04 00:30:05
286,elasticsearch 7 에서 total count 확인하기,https://wefree.tistory.com/21,elasticsearch,,2021-06-04 00:25:47
287,docker image 만들기,https://wefree.tistory.com/20,docker,,2021-06-01 22:59:13
288,Dark Syntax Sugar,https://wefree.tistory.com/19,scala,basic,2021-05-23 15:30:46
289,BroadcastState 예제,https://wefree.tistory.com/18,flink,,2021-05-20 01:37:25
290,CheckPoint 예제,https://wefree.tistory.com/17,flink,,2021-05-19 22:42:46
291,ValueState 예제,https://wefree.tistory.com/16,flink,,2021-05-19 21:53:10
292,GlobalWindows 예제,https://wefree.tistory.com/15,flink,,2021-05-17 20:38:45
293,TumblingWindow 예제,https://wefree.tistory.com/14,flink,,2021-05-17 14:28:23
294,Iterate 예제,https://wefree.tistory.com/13,flink,,2021-05-17 11:08:19
295,Stream Split 예제,https://wefree.tistory.com/12,flink,,2021-05-17 00:01:39
296,"Stream Reduce, Min, MinBy, Max, MaxBy 예제",https://wefree.tistory.com/11,flink,,2021-05-16 22:02:47
297,router 적용,https://wefree.tistory.com/10,web,mhtml,2021-05-16 00:34:35
298,monadic-html 소개,https://wefree.tistory.com/9,web,mhtml,2021-05-16 00:33:15
299,Stream WordCount 예제,https://wefree.tistory.com/8,flink,,2021-05-15 23:57:17
300,DataSet Join 예제,https://wefree.tistory.com/7,flink,,2021-05-15 20:34:49
301,DataSet WordCount 예제,https://wefree.tistory.com/6,flink,,2021-05-15 15:08:21
302,Future 의 concurrency control,https://wefree.tistory.com/3,scala,basic,2021-03-28 15:52:39
303,Scala Learning,https://wefree.tistory.com/2,scala,basic,2021-03-28 15:28:15
